theta_deg,phi_deg,rcs_dBsm
0.00,0.00,-8.5731
1.00,0.00,-8.6855
2.00,0.00,-8.7980
3.00,0.00,-8.9106
4.00,0.00,-9.0235
5.00,0.00,-9.1366
6.00,0.00,-9.2501
7.00,0.00,-9.3639
8.00,0.00,-9.4781
9.00,0.00,-9.5928
10.00,0.00,-9.7080
11.00,0.00,-9.8237
12.00,0.00,-9.9400
13.00,0.00,-10.0570
14.00,0.00,-10.1746
15.00,0.00,-10.2929
16.00,0.00,-10.4119
17.00,0.00,-10.5317
18.00,0.00,-10.6522
19.00,0.00,-10.7735
20.00,0.00,-10.8955
21.00,0.00,-11.0183
22.00,0.00,-11.1418
23.00,0.00,-11.2660
24.00,0.00,-11.3908
25.00,0.00,-11.5162
26.00,0.00,-11.6422
27.00,0.00,-11.7686
28.00,0.00,-11.8953
29.00,0.00,-12.0223
30.00,0.00,-12.1493
31.00,0.00,-12.2763
32.00,0.00,-12.4031
33.00,0.00,-12.5296
34.00,0.00,-12.6554
35.00,0.00,-12.7804
36.00,0.00,-12.9044
37.00,0.00,-13.0271
38.00,0.00,-13.1483
39.00,0.00,-13.2676
40.00,0.00,-13.3848
41.00,0.00,-13.4996
42.00,0.00,-13.6116
43.00,0.00,-13.7205
44.00,0.00,-13.8260
45.00,0.00,-13.9278
46.00,0.00,-14.0255
47.00,0.00,-14.1189
48.00,0.00,-14.2077
49.00,0.00,-14.2915
50.00,0.00,-14.3701
51.00,0.00,-14.4434
52.00,0.00,-14.5111
53.00,0.00,-14.5730
54.00,0.00,-14.6291
55.00,0.00,-14.6792
56.00,0.00,-14.7235
57.00,0.00,-14.7618
58.00,0.00,-14.7943
59.00,0.00,-14.8211
60.00,0.00,-14.8424
61.00,0.00,-14.8583
62.00,0.00,-14.8691
63.00,0.00,-14.8751
64.00,0.00,-14.8765
65.00,0.00,-14.8739
66.00,0.00,-14.8674
67.00,0.00,-14.8574
68.00,0.00,-14.8445
69.00,0.00,-14.8288
70.00,0.00,-14.8109
71.00,0.00,-14.7912
72.00,0.00,-14.7699
73.00,0.00,-14.7476
74.00,0.00,-14.7245
75.00,0.00,-14.7010
76.00,0.00,-14.6774
77.00,0.00,-14.6541
78.00,0.00,-14.6314
79.00,0.00,-14.6095
80.00,0.00,-14.5887
81.00,0.00,-14.5691
82.00,0.00,-14.5512
83.00,0.00,-14.5349
84.00,0.00,-14.5205
85.00,0.00,-14.5081
86.00,0.00,-14.4978
87.00,0.00,-14.4898
88.00,0.00,-14.4841
89.00,0.00,-14.4808
90.00,0.00,-14.4799
91.00,0.00,-14.4814
92.00,0.00,-14.4852
93.00,0.00,-14.4915
94.00,0.00,-14.5000
95.00,0.00,-14.5108
96.00,0.00,-14.5238
97.00,0.00,-14.5387
98.00,0.00,-14.5555
99.00,0.00,-14.5740
100.00,0.00,-14.5940
101.00,0.00,-14.6153
102.00,0.00,-14.6377
103.00,0.00,-14.6608
104.00,0.00,-14.6846
105.00,0.00,-14.7085
106.00,0.00,-14.7324
107.00,0.00,-14.7558
108.00,0.00,-14.7785
109.00,0.00,-14.8000
110.00,0.00,-14.8200
111.00,0.00,-14.8382
112.00,0.00,-14.8540
113.00,0.00,-14.8671
114.00,0.00,-14.8772
115.00,0.00,-14.8837
116.00,0.00,-14.8865
117.00,0.00,-14.8850
118.00,0.00,-14.8790
119.00,0.00,-14.8681
120.00,0.00,-14.8521
121.00,0.00,-14.8307
122.00,0.00,-14.8038
123.00,0.00,-14.7711
124.00,0.00,-14.7325
125.00,0.00,-14.6881
126.00,0.00,-14.6376
127.00,0.00,-14.5813
128.00,0.00,-14.5190
129.00,0.00,-14.4511
130.00,0.00,-14.3775
131.00,0.00,-14.2986
132.00,0.00,-14.2145
133.00,0.00,-14.1254
134.00,0.00,-14.0318
135.00,0.00,-13.9337
136.00,0.00,-13.8317
137.00,0.00,-13.7259
138.00,0.00,-13.6167
139.00,0.00,-13.5045
140.00,0.00,-13.3896
141.00,0.00,-13.2722
142.00,0.00,-13.1527
143.00,0.00,-13.0314
144.00,0.00,-12.9085
145.00,0.00,-12.7844
146.00,0.00,-12.6592
147.00,0.00,-12.5333
148.00,0.00,-12.4068
149.00,0.00,-12.2799
150.00,0.00,-12.1529
151.00,0.00,-12.0258
152.00,0.00,-11.8988
153.00,0.00,-11.7721
154.00,0.00,-11.6457
155.00,0.00,-11.5198
156.00,0.00,-11.3944
157.00,0.00,-11.2695
158.00,0.00,-11.1454
159.00,0.00,-11.0219
160.00,0.00,-10.8992
161.00,0.00,-10.7772
162.00,0.00,-10.6560
163.00,0.00,-10.5356
164.00,0.00,-10.4159
165.00,0.00,-10.2969
166.00,0.00,-10.1787
167.00,0.00,-10.0611
168.00,0.00,-9.9442
169.00,0.00,-9.8280
170.00,0.00,-9.7123
171.00,0.00,-9.5972
172.00,0.00,-9.4826
173.00,0.00,-9.3685
174.00,0.00,-9.2547
175.00,0.00,-9.1414
176.00,0.00,-9.0283
177.00,0.00,-8.9155
178.00,0.00,-8.8029
179.00,0.00,-8.6904
180.00,0.00,-8.5781
0.00,90.00,-8.5731
1.00,90.00,-8.5735
2.00,90.00,-8.5744
3.00,90.00,-8.5760
4.00,90.00,-8.5781
5.00,90.00,-8.5809
6.00,90.00,-8.5843
7.00,90.00,-8.5882
8.00,90.00,-8.5928
9.00,90.00,-8.5979
10.00,90.00,-8.6037
11.00,90.00,-8.6100
12.00,90.00,-8.6170
13.00,90.00,-8.6245
14.00,90.00,-8.6326
15.00,90.00,-8.6414
16.00,90.00,-8.6507
17.00,90.00,-8.6606
18.00,90.00,-8.6711
19.00,90.00,-8.6821
20.00,90.00,-8.6938
21.00,90.00,-8.7060
22.00,90.00,-8.7188
23.00,90.00,-8.7322
24.00,90.00,-8.7461
25.00,90.00,-8.7606
26.00,90.00,-8.7756
27.00,90.00,-8.7913
28.00,90.00,-8.8074
29.00,90.00,-8.8241
30.00,90.00,-8.8413
31.00,90.00,-8.8591
32.00,90.00,-8.8774
33.00,90.00,-8.8962
34.00,90.00,-8.9154
35.00,90.00,-8.9352
36.00,90.00,-8.9555
37.00,90.00,-8.9762
38.00,90.00,-8.9974
39.00,90.00,-9.0190
40.00,90.00,-9.0410
41.00,90.00,-9.0635
42.00,90.00,-9.0863
43.00,90.00,-9.1095
44.00,90.00,-9.1331
45.00,90.00,-9.1570
46.00,90.00,-9.1812
47.00,90.00,-9.2057
48.00,90.00,-9.2304
49.00,90.00,-9.2554
50.00,90.00,-9.2805
51.00,90.00,-9.3059
52.00,90.00,-9.3313
53.00,90.00,-9.3569
54.00,90.00,-9.3826
55.00,90.00,-9.4082
56.00,90.00,-9.4339
57.00,90.00,-9.4596
58.00,90.00,-9.4851
59.00,90.00,-9.5106
60.00,90.00,-9.5359
61.00,90.00,-9.5609
62.00,90.00,-9.5858
63.00,90.00,-9.6103
64.00,90.00,-9.6345
65.00,90.00,-9.6583
66.00,90.00,-9.6816
67.00,90.00,-9.7045
68.00,90.00,-9.7269
69.00,90.00,-9.7486
70.00,90.00,-9.7698
71.00,90.00,-9.7903
72.00,90.00,-9.8100
73.00,90.00,-9.8290
74.00,90.00,-9.8472
75.00,90.00,-9.8645
76.00,90.00,-9.8809
77.00,90.00,-9.8964
78.00,90.00,-9.9110
79.00,90.00,-9.9245
80.00,90.00,-9.9369
81.00,90.00,-9.9483
82.00,90.00,-9.9586
83.00,90.00,-9.9677
84.00,90.00,-9.9757
85.00,90.00,-9.9825
86.00,90.00,-9.9881
87.00,90.00,-9.9925
88.00,90.00,-9.9957
89.00,90.00,-9.9976
90.00,90.00,-9.9982
91.00,90.00,-9.9977
92.00,90.00,-9.9959
93.00,90.00,-9.9928
94.00,90.00,-9.9885
95.00,90.00,-9.9830
96.00,90.00,-9.9763
97.00,90.00,-9.9685
98.00,90.00,-9.9594
99.00,90.00,-9.9492
100.00,90.00,-9.9379
101.00,90.00,-9.9256
102.00,90.00,-9.9121
103.00,90.00,-9.8977
104.00,90.00,-9.8823
105.00,90.00,-9.8659
106.00,90.00,-9.8486
107.00,90.00,-9.8305
108.00,90.00,-9.8116
109.00,90.00,-9.7919
110.00,90.00,-9.7715
111.00,90.00,-9.7504
112.00,90.00,-9.7286
113.00,90.00,-9.7063
114.00,90.00,-9.6835
115.00,90.00,-9.6602
116.00,90.00,-9.6364
117.00,90.00,-9.6122
118.00,90.00,-9.5877
119.00,90.00,-9.5629
120.00,90.00,-9.5379
121.00,90.00,-9.5126
122.00,90.00,-9.4872
123.00,90.00,-9.4616
124.00,90.00,-9.4360
125.00,90.00,-9.4103
126.00,90.00,-9.3846
127.00,90.00,-9.3590
128.00,90.00,-9.3334
129.00,90.00,-9.3079
130.00,90.00,-9.2826
131.00,90.00,-9.2575
132.00,90.00,-9.2325
133.00,90.00,-9.2078
134.00,90.00,-9.1833
135.00,90.00,-9.1591
136.00,90.00,-9.1352
137.00,90.00,-9.1117
138.00,90.00,-9.0885
139.00,90.00,-9.0657
140.00,90.00,-9.0432
141.00,90.00,-9.0212
142.00,90.00,-8.9996
143.00,90.00,-8.9785
144.00,90.00,-8.9578
145.00,90.00,-8.9376
146.00,90.00,-8.9178
147.00,90.00,-8.8986
148.00,90.00,-8.8798
149.00,90.00,-8.8616
150.00,90.00,-8.8439
151.00,90.00,-8.8267
152.00,90.00,-8.8100
153.00,90.00,-8.7939
154.00,90.00,-8.7784
155.00,90.00,-8.7634
156.00,90.00,-8.7490
157.00,90.00,-8.7351
158.00,90.00,-8.7218
159.00,90.00,-8.7091
160.00,90.00,-8.6969
161.00,90.00,-8.6853
162.00,90.00,-8.6743
163.00,90.00,-8.6639
164.00,90.00,-8.6541
165.00,90.00,-8.6449
166.00,90.00,-8.6363
167.00,90.00,-8.6282
168.00,90.00,-8.6208
169.00,90.00,-8.6139
170.00,90.00,-8.6077
171.00,90.00,-8.6020
172.00,90.00,-8.5970
173.00,90.00,-8.5925
174.00,90.00,-8.5886
175.00,90.00,-8.5854
176.00,90.00,-8.5827
177.00,90.00,-8.5807
178.00,90.00,-8.5792
179.00,90.00,-8.5784
180.00,90.00,-8.5781
