theta_deg,phi_deg,rcs_dBsm,mie_dBsm,mlfma_dBsm
0.00,0.00,-14.0898,-14.0802,-14.0549
1.00,0.00,-14.1655,-14.1485,-14.1207
2.00,0.00,-14.2715,-14.2472,-14.2179
3.00,0.00,-14.4137,-14.3824,-14.3526
4.00,0.00,-14.5972,-14.5595,-14.5301
5.00,0.00,-14.8266,-14.7831,-14.7551
6.00,0.00,-15.1055,-15.0570,-15.0316
7.00,0.00,-15.4369,-15.3844,-15.3626
8.00,0.00,-15.8223,-15.7670,-15.7500
9.00,0.00,-16.2613,-16.2046,-16.1939
10.00,0.00,-16.7506,-16.6940,-16.6913
11.00,0.00,-17.2816,-17.2272,-17.2344
12.00,0.00,-17.8384,-17.7885,-17.8076
13.00,0.00,-18.3940,-18.3512,-18.3841
14.00,0.00,-18.9074,-18.8743,-18.9221
15.00,0.00,-19.3239,-19.3021,-19.3643
16.00,0.00,-19.5828,-19.5723,-19.6458
17.00,0.00,-19.6355,-19.6337,-19.7127
18.00,0.00,-19.4656,-19.4682,-19.5456
19.00,0.00,-19.0973,-19.0994,-19.1694
20.00,0.00,-18.5840,-18.5819,-18.6410
21.00,0.00,-17.9871,-17.9787,-18.0262
22.00,0.00,-17.3600,-17.3448,-17.3815
23.00,0.00,-16.7423,-16.7206,-16.7478
24.00,0.00,-16.1597,-16.1325,-16.1519
25.00,0.00,-15.6281,-15.5963,-15.6095
26.00,0.00,-15.1566,-15.1213,-15.1294
27.00,0.00,-14.7500,-14.7122,-14.7163
28.00,0.00,-14.4108,-14.3714,-14.3721
29.00,0.00,-14.1401,-14.1000,-14.0980
30.00,0.00,-13.9385,-13.8985,-13.8941
31.00,0.00,-13.8066,-13.7675,-13.7610
32.00,0.00,-13.7451,-13.7077,-13.6992
33.00,0.00,-13.7552,-13.7204,-13.7098
34.00,0.00,-13.8388,-13.8073,-13.7946
35.00,0.00,-13.9983,-13.9711,-13.9559
36.00,0.00,-14.2372,-14.2153,-14.1973
37.00,0.00,-14.5600,-14.5446,-14.5233
38.00,0.00,-14.9723,-14.9650,-14.9395
39.00,0.00,-15.4815,-15.4840,-15.4532
40.00,0.00,-16.0960,-16.1106,-16.0731
41.00,0.00,-16.8258,-16.8554,-16.8093
42.00,0.00,-17.6813,-17.7294,-17.6721
43.00,0.00,-18.6701,-18.7412,-18.6692
44.00,0.00,-19.7893,-19.8881,-19.7973
45.00,0.00,-21.0060,-21.1350,-21.0219
46.00,0.00,-22.2148,-22.3679,-22.2337
47.00,0.00,-23.1792,-23.3291,-23.1892
48.00,0.00,-23.5532,-23.6506,-23.5383
49.00,0.00,-23.1391,-23.1512,-23.0939
50.00,0.00,-22.1166,-22.0550,-22.0508
51.00,0.00,-20.8319,-20.7263,-20.7581
52.00,0.00,-19.5285,-19.4021,-19.4548
53.00,0.00,-18.3165,-18.1824,-18.2465
54.00,0.00,-17.2306,-17.0955,-17.1659
55.00,0.00,-16.2738,-16.1410,-16.2149
56.00,0.00,-15.4376,-15.3088,-15.3847
57.00,0.00,-14.7108,-14.5867,-14.6638
58.00,0.00,-14.0822,-13.9632,-14.0409
59.00,0.00,-13.5418,-13.4279,-13.5060
60.00,0.00,-13.0807,-12.9720,-13.0504
61.00,0.00,-12.6917,-12.5880,-12.6666
62.00,0.00,-12.3680,-12.2694,-12.3480
63.00,0.00,-12.1042,-12.0104,-12.0891
64.00,0.00,-11.8951,-11.8060,-11.8847
65.00,0.00,-11.7361,-11.6516,-11.7303
66.00,0.00,-11.6230,-11.5429,-11.6214
67.00,0.00,-11.5516,-11.4757,-11.5539
68.00,0.00,-11.5180,-11.4458,-11.5237
69.00,0.00,-11.5180,-11.4493,-11.5265
70.00,0.00,-11.5475,-11.4818,-11.5581
71.00,0.00,-11.6021,-11.5388,-11.6140
72.00,0.00,-11.6773,-11.6157,-11.6895
73.00,0.00,-11.7684,-11.7076,-11.7797
74.00,0.00,-11.8705,-11.8096,-11.8796
75.00,0.00,-11.9788,-11.9168,-11.9843
76.00,0.00,-12.0886,-12.0242,-12.0888
77.00,0.00,-12.1953,-12.1275,-12.1889
78.00,0.00,-12.2950,-12.2227,-12.2806
79.00,0.00,-12.3847,-12.3067,-12.3610
80.00,0.00,-12.4619,-12.3776,-12.4280
81.00,0.00,-12.5256,-12.4342,-12.4809
82.00,0.00,-12.5754,-12.4767,-12.5197
83.00,0.00,-12.6121,-12.5061,-12.5457
84.00,0.00,-12.6373,-12.5242,-12.5607
85.00,0.00,-12.6531,-12.5335,-12.5673
86.00,0.00,-12.6618,-12.5365,-12.5680
87.00,0.00,-12.6657,-12.5356,-12.5654
88.00,0.00,-12.6670,-12.5333,-12.5619
89.00,0.00,-12.6672,-12.5312,-12.5590
90.00,0.00,-12.6675,-12.5303,-12.5580
91.00,0.00,-12.6681,-12.5312,-12.5592
92.00,0.00,-12.6688,-12.5333,-12.5623
93.00,0.00,-12.6685,-12.5356,-12.5661
94.00,0.00,-12.6655,-12.5365,-12.5689
95.00,0.00,-12.6577,-12.5335,-12.5684
96.00,0.00,-12.6428,-12.5242,-12.5621
97.00,0.00,-12.6184,-12.5061,-12.5472
98.00,0.00,-12.5824,-12.4767,-12.5214
99.00,0.00,-12.5332,-12.4342,-12.4827
100.00,0.00,-12.4701,-12.3776,-12.4300
101.00,0.00,-12.3932,-12.3067,-12.3631
102.00,0.00,-12.3037,-12.2227,-12.2828
103.00,0.00,-12.2039,-12.1275,-12.1911
104.00,0.00,-12.0971,-12.0242,-12.0911
105.00,0.00,-11.9870,-11.9168,-11.9865
106.00,0.00,-11.8782,-11.8096,-11.8819
107.00,0.00,-11.7754,-11.7076,-11.7819
108.00,0.00,-11.6835,-11.6157,-11.6917
109.00,0.00,-11.6075,-11.5388,-11.6162
110.00,0.00,-11.5520,-11.4818,-11.5603
111.00,0.00,-11.5216,-11.4493,-11.5286
112.00,0.00,-11.5206,-11.4458,-11.5258
113.00,0.00,-11.5532,-11.4757,-11.5560
114.00,0.00,-11.6236,-11.5429,-11.6235
115.00,0.00,-11.7357,-11.6516,-11.7324
116.00,0.00,-11.8937,-11.8060,-11.8869
117.00,0.00,-12.1019,-12.0104,-12.0914
118.00,0.00,-12.3649,-12.2694,-12.3504
119.00,0.00,-12.6877,-12.5880,-12.6690
120.00,0.00,-13.0760,-12.9720,-13.0530
121.00,0.00,-13.5363,-13.4279,-13.5088
122.00,0.00,-14.0762,-13.9632,-14.0439
123.00,0.00,-14.7045,-14.5867,-14.6671
124.00,0.00,-15.4311,-15.3088,-15.3884
125.00,0.00,-16.2675,-16.1410,-16.2191
126.00,0.00,-17.2252,-17.0955,-17.1706
127.00,0.00,-18.3127,-18.1824,-18.2518
128.00,0.00,-19.5277,-19.4021,-19.4607
129.00,0.00,-20.8362,-20.7263,-20.7647
130.00,0.00,-22.1286,-22.0550,-22.0575
131.00,0.00,-23.1603,-23.1512,-23.0996
132.00,0.00,-23.5805,-23.6506,-23.5414
133.00,0.00,-23.2052,-23.3291,-23.1891
134.00,0.00,-22.2339,-22.3679,-22.2313
135.00,0.00,-21.0173,-21.1350,-21.0185
136.00,0.00,-19.7941,-19.8881,-19.7936
137.00,0.00,-18.6698,-18.7412,-18.6656
138.00,0.00,-17.6772,-17.7294,-17.6688
139.00,0.00,-16.8189,-16.8554,-16.8063
140.00,0.00,-16.0868,-16.1106,-16.0705
141.00,0.00,-15.4705,-15.4840,-15.4509
142.00,0.00,-14.9599,-14.9650,-14.9375
143.00,0.00,-14.5464,-14.5446,-14.5216
144.00,0.00,-14.2227,-14.2153,-14.1959
145.00,0.00,-13.9830,-13.9711,-13.9548
146.00,0.00,-13.8230,-13.8073,-13.7937
147.00,0.00,-13.7390,-13.7204,-13.7092
148.00,0.00,-13.7286,-13.7077,-13.6988
149.00,0.00,-13.7900,-13.7675,-13.7609
150.00,0.00,-13.9220,-13.8985,-13.8942
151.00,0.00,-14.1239,-14.1000,-14.0983
152.00,0.00,-14.3951,-14.3714,-14.3727
153.00,0.00,-14.7352,-14.7122,-14.7170
154.00,0.00,-15.1430,-15.1213,-15.1303
155.00,0.00,-15.6160,-15.5963,-15.6104
156.00,0.00,-16.1496,-16.1325,-16.1528
157.00,0.00,-16.7347,-16.7206,-16.7487
158.00,0.00,-17.3556,-17.3448,-17.3820
159.00,0.00,-17.9861,-17.9787,-18.0261
160.00,0.00,-18.5867,-18.5819,-18.6401
161.00,0.00,-19.1033,-19.0994,-19.1671
162.00,0.00,-19.4736,-19.4682,-19.5417
163.00,0.00,-19.6436,-19.6337,-19.7072
164.00,0.00,-19.5888,-19.5723,-19.6389
165.00,0.00,-19.3261,-19.3021,-19.3565
166.00,0.00,-18.9050,-18.8743,-18.9138
167.00,0.00,-18.3871,-18.3512,-18.3758
168.00,0.00,-17.8275,-17.7885,-17.7996
169.00,0.00,-17.2676,-17.2272,-17.2268
170.00,0.00,-16.7342,-16.6940,-16.6842
171.00,0.00,-16.2434,-16.2046,-16.1873
172.00,0.00,-15.8035,-15.7670,-15.7438
173.00,0.00,-15.4178,-15.3844,-15.3568
174.00,0.00,-15.0867,-15.0570,-15.0262
175.00,0.00,-14.8085,-14.7831,-14.7502
176.00,0.00,-14.5804,-14.5595,-14.5255
177.00,0.00,-14.3985,-14.3824,-14.3484
178.00,0.00,-14.2584,-14.2472,-14.2140
179.00,0.00,-14.1548,-14.1485,-14.1171
180.00,0.00,-14.0819,-14.0802,-14.0515
0.00,90.00,-14.0898,-14.0802,-14.0549
1.00,90.00,-14.0909,-14.0814,-14.0557
2.00,90.00,-14.0942,-14.0848,-14.0589
3.00,90.00,-14.0997,-14.0906,-14.0644
4.00,90.00,-14.1076,-14.0986,-14.0723
5.00,90.00,-14.1177,-14.1090,-14.0825
6.00,90.00,-14.1301,-14.1217,-14.0951
7.00,90.00,-14.1449,-14.1367,-14.1100
8.00,90.00,-14.1619,-14.1540,-14.1274
9.00,90.00,-14.1812,-14.1736,-14.1471
10.00,90.00,-14.2029,-14.1956,-14.1692
11.00,90.00,-14.2269,-14.2199,-14.1937
12.00,90.00,-14.2532,-14.2466,-14.2205
13.00,90.00,-14.2820,-14.2757,-14.2498
14.00,90.00,-14.3130,-14.3071,-14.2816
15.00,90.00,-14.3465,-14.3409,-14.3157
16.00,90.00,-14.3824,-14.3771,-14.3523
17.00,90.00,-14.4207,-14.4157,-14.3913
18.00,90.00,-14.4614,-14.4567,-14.4328
19.00,90.00,-14.5046,-14.5002,-14.4768
20.00,90.00,-14.5503,-14.5461,-14.5232
21.00,90.00,-14.5985,-14.5945,-14.5722
22.00,90.00,-14.6492,-14.6454,-14.6236
23.00,90.00,-14.7024,-14.6988,-14.6776
24.00,90.00,-14.7582,-14.7548,-14.7341
25.00,90.00,-14.8166,-14.8133,-14.7932
26.00,90.00,-14.8776,-14.8743,-14.8548
27.00,90.00,-14.9413,-14.9380,-14.9190
28.00,90.00,-15.0076,-15.0043,-14.9859
29.00,90.00,-15.0767,-15.0732,-15.0554
30.00,90.00,-15.1484,-15.1448,-15.1275
31.00,90.00,-15.2229,-15.2191,-15.2023
32.00,90.00,-15.3002,-15.2961,-15.2798
33.00,90.00,-15.3802,-15.3759,-15.3601
34.00,90.00,-15.4631,-15.4584,-15.4431
35.00,90.00,-15.5489,-15.5437,-15.5289
36.00,90.00,-15.6375,-15.6319,-15.6176
37.00,90.00,-15.7290,-15.7230,-15.7090
38.00,90.00,-15.8235,-15.8169,-15.8034
39.00,90.00,-15.9209,-15.9138,-15.9007
40.00,90.00,-16.0213,-16.0136,-16.0010
41.00,90.00,-16.1248,-16.1164,-16.1042
42.00,90.00,-16.2312,-16.2222,-16.2105
43.00,90.00,-16.3408,-16.3311,-16.3199
44.00,90.00,-16.4534,-16.4431,-16.4324
45.00,90.00,-16.5692,-16.5581,-16.5480
46.00,90.00,-16.6880,-16.6763,-16.6668
47.00,90.00,-16.8101,-16.7977,-16.7888
48.00,90.00,-16.9353,-16.9222,-16.9141
49.00,90.00,-17.0638,-17.0499,-17.0427
50.00,90.00,-17.1954,-17.1808,-17.1746
51.00,90.00,-17.3304,-17.3150,-17.3099
52.00,90.00,-17.4685,-17.4524,-17.4485
53.00,90.00,-17.6099,-17.5931,-17.5905
54.00,90.00,-17.7546,-17.7370,-17.7359
55.00,90.00,-17.9026,-17.8841,-17.8846
56.00,90.00,-18.0538,-18.0344,-18.0368
57.00,90.00,-18.2082,-18.1878,-18.1923
58.00,90.00,-18.3659,-18.3444,-18.3512
59.00,90.00,-18.5268,-18.5041,-18.5133
60.00,90.00,-18.6907,-18.6668,-18.6787
61.00,90.00,-18.8578,-18.8323,-18.8472
62.00,90.00,-19.0278,-19.0006,-19.0187
63.00,90.00,-19.2006,-19.1716,-19.1931
64.00,90.00,-19.3762,-19.3450,-19.3703
65.00,90.00,-19.5543,-19.5207,-19.5499
66.00,90.00,-19.7348,-19.6983,-19.7318
67.00,90.00,-19.9173,-19.8777,-19.9157
68.00,90.00,-20.1017,-20.0585,-20.1012
69.00,90.00,-20.2874,-20.2404,-20.2880
70.00,90.00,-20.4742,-20.4227,-20.4756
71.00,90.00,-20.6616,-20.6052,-20.6635
72.00,90.00,-20.8489,-20.7872,-20.8511
73.00,90.00,-21.0356,-20.9680,-21.0376
74.00,90.00,-21.2209,-21.1469,-21.2224
75.00,90.00,-21.4040,-21.3232,-21.4047
76.00,90.00,-21.5840,-21.4960,-21.5833
77.00,90.00,-21.7598,-21.6643,-21.7574
78.00,90.00,-21.9305,-21.8270,-21.9259
79.00,90.00,-22.0947,-21.9830,-22.0875
80.00,90.00,-22.2512,-22.1313,-22.2410
81.00,90.00,-22.3987,-22.2705,-22.3852
82.00,90.00,-22.5358,-22.3994,-22.5186
83.00,90.00,-22.6610,-22.5168,-22.6400
84.00,90.00,-22.7730,-22.6215,-22.7481
85.00,90.00,-22.8705,-22.7123,-22.8416
86.00,90.00,-22.9523,-22.7882,-22.9195
87.00,90.00,-23.0172,-22.8483,-22.9808
88.00,90.00,-23.0644,-22.8918,-23.0247
89.00,90.00,-23.0933,-22.9181,-23.0506
90.00,90.00,-23.1034,-22.9269,-23.0583
91.00,90.00,-23.0945,-22.9181,-23.0476
92.00,90.00,-23.0669,-22.8918,-23.0188
93.00,90.00,-23.0208,-22.8483,-22.9721
94.00,90.00,-22.9570,-22.7882,-22.9083
95.00,90.00,-22.8764,-22.7123,-22.8283
96.00,90.00,-22.7800,-22.6215,-22.7329
97.00,90.00,-22.6690,-22.5168,-22.6235
98.00,90.00,-22.5447,-22.3994,-22.5011
99.00,90.00,-22.4086,-22.2705,-22.3671
100.00,90.00,-22.2619,-22.1313,-22.2229
101.00,90.00,-22.1061,-21.9830,-22.0696
102.00,90.00,-21.9426,-21.8270,-21.9086
103.00,90.00,-21.7725,-21.6643,-21.7410
104.00,90.00,-21.5971,-21.4960,-21.5680
105.00,90.00,-21.4176,-21.3232,-21.3907
106.00,90.00,-21.2348,-21.1469,-21.2100
107.00,90.00,-21.0498,-20.9680,-21.0268
108.00,90.00,-20.8633,-20.7872,-20.8419
109.00,90.00,-20.6761,-20.6052,-20.6561
110.00,90.00,-20.4888,-20.4227,-20.4699
111.00,90.00,-20.3019,-20.2404,-20.2840
112.00,90.00,-20.1161,-20.0585,-20.0988
113.00,90.00,-19.9316,-19.8777,-19.9148
114.00,90.00,-19.7488,-19.6983,-19.7323
115.00,90.00,-19.5681,-19.5207,-19.5516
116.00,90.00,-19.3896,-19.3450,-19.3731
117.00,90.00,-19.2137,-19.1716,-19.1970
118.00,90.00,-19.0404,-19.0006,-19.0234
119.00,90.00,-18.8700,-18.8323,-18.8525
120.00,90.00,-18.7025,-18.6668,-18.6846
121.00,90.00,-18.5380,-18.5041,-18.5196
122.00,90.00,-18.3766,-18.3444,-18.3577
123.00,90.00,-18.2184,-18.1878,-18.1989
124.00,90.00,-18.0634,-18.0344,-18.0433
125.00,90.00,-17.9116,-17.8841,-17.8910
126.00,90.00,-17.7631,-17.7370,-17.7420
127.00,90.00,-17.6178,-17.5931,-17.5963
128.00,90.00,-17.4758,-17.4524,-17.4538
129.00,90.00,-17.3370,-17.3150,-17.3147
130.00,90.00,-17.2015,-17.1808,-17.1789
131.00,90.00,-17.0693,-17.0499,-17.0464
132.00,90.00,-16.9403,-16.9222,-16.9172
133.00,90.00,-16.8145,-16.7977,-16.7913
134.00,90.00,-16.6919,-16.6763,-16.6685
135.00,90.00,-16.5724,-16.5581,-16.5491
136.00,90.00,-16.4562,-16.4431,-16.4328
137.00,90.00,-16.3430,-16.3311,-16.3196
138.00,90.00,-16.2330,-16.2222,-16.2097
139.00,90.00,-16.1261,-16.1164,-16.1028
140.00,90.00,-16.0222,-16.0136,-15.9990
141.00,90.00,-15.9213,-15.9138,-15.8982
142.00,90.00,-15.8235,-15.8169,-15.8004
143.00,90.00,-15.7287,-15.7230,-15.7057
144.00,90.00,-15.6368,-15.6319,-15.6138
145.00,90.00,-15.5479,-15.5437,-15.5249
146.00,90.00,-15.4619,-15.4584,-15.4389
147.00,90.00,-15.3787,-15.3759,-15.3557
148.00,90.00,-15.2985,-15.2961,-15.2753
149.00,90.00,-15.2210,-15.2191,-15.1977
150.00,90.00,-15.1464,-15.1448,-15.1229
151.00,90.00,-15.0745,-15.0732,-15.0508
152.00,90.00,-15.0054,-15.0043,-14.9813
153.00,90.00,-14.9390,-14.9380,-14.9146
154.00,90.00,-14.8753,-14.8743,-14.8505
155.00,90.00,-14.8142,-14.8133,-14.7891
156.00,90.00,-14.7558,-14.7548,-14.7302
157.00,90.00,-14.7000,-14.6988,-14.6739
158.00,90.00,-14.6467,-14.6454,-14.6202
159.00,90.00,-14.5961,-14.5945,-14.5690
160.00,90.00,-14.5479,-14.5461,-14.5203
161.00,90.00,-14.5022,-14.5002,-14.4740
162.00,90.00,-14.4590,-14.4567,-14.4303
163.00,90.00,-14.4183,-14.4157,-14.3890
164.00,90.00,-14.3800,-14.3771,-14.3502
165.00,90.00,-14.3441,-14.3409,-14.3138
166.00,90.00,-14.3105,-14.3071,-14.2798
167.00,90.00,-14.2793,-14.2757,-14.2481
168.00,90.00,-14.2505,-14.2466,-14.2189
169.00,90.00,-14.2240,-14.2199,-14.1921
170.00,90.00,-14.1997,-14.1956,-14.1676
171.00,90.00,-14.1778,-14.1736,-14.1455
172.00,90.00,-14.1581,-14.1540,-14.1257
173.00,90.00,-14.1407,-14.1367,-14.1083
174.00,90.00,-14.1256,-14.1217,-14.0932
175.00,90.00,-14.1127,-14.1090,-14.0804
176.00,90.00,-14.1021,-14.0986,-14.0700
177.00,90.00,-14.0937,-14.0906,-14.0619
178.00,90.00,-14.0875,-14.0848,-14.0561
179.00,90.00,-14.0836,-14.0814,-14.0527
180.00,90.00,-14.0819,-14.0802,-14.0515
