theta_deg,phi_deg,rcs_dBsm,mie_dBsm
0.00,0.00,-6.8581,-6.5657
1.00,0.00,-6.5065,-6.0705
2.00,0.00,-6.0793,-5.5341
3.00,0.00,-5.6061,-4.9832
4.00,0.00,-5.1110,-4.4366
5.00,0.00,-4.6118,-3.9061
6.00,0.00,-4.1209,-3.3990
7.00,0.00,-3.6464,-2.9193
8.00,0.00,-3.1933,-2.4688
9.00,0.00,-2.7644,-2.0480
10.00,0.00,-2.3609,-1.6565
11.00,0.00,-1.9833,-1.2934
12.00,0.00,-1.6312,-0.9577
13.00,0.00,-1.3041,-0.6481
14.00,0.00,-1.0011,-0.3634
15.00,0.00,-0.7213,-0.1023
16.00,0.00,-0.4636,0.1364
17.00,0.00,-0.2272,0.3537
18.00,0.00,-0.0110,0.5507
19.00,0.00,0.1860,0.7285
20.00,0.00,0.3645,0.8880
21.00,0.00,0.5254,1.0299
22.00,0.00,0.6695,1.1551
23.00,0.00,0.7975,1.2643
24.00,0.00,0.9101,1.3582
25.00,0.00,1.0080,1.4375
26.00,0.00,1.0916,1.5025
27.00,0.00,1.1617,1.5541
28.00,0.00,1.2186,1.5925
29.00,0.00,1.2630,1.6184
30.00,0.00,1.2952,1.6321
31.00,0.00,1.3157,1.6341
32.00,0.00,1.3250,1.6248
33.00,0.00,1.3234,1.6047
34.00,0.00,1.3113,1.5740
35.00,0.00,1.2891,1.5331
36.00,0.00,1.2572,1.4825
37.00,0.00,1.2159,1.4225
38.00,0.00,1.1657,1.3535
39.00,0.00,1.1068,1.2759
40.00,0.00,1.0396,1.1900
41.00,0.00,0.9646,1.0962
42.00,0.00,0.8821,0.9951
43.00,0.00,0.7924,0.8869
44.00,0.00,0.6961,0.7723
45.00,0.00,0.5936,0.6516
46.00,0.00,0.4852,0.5254
47.00,0.00,0.3715,0.3944
48.00,0.00,0.2530,0.2590
49.00,0.00,0.1301,0.1199
50.00,0.00,0.0036,-0.0221
51.00,0.00,-0.1262,-0.1664
52.00,0.00,-0.2585,-0.3122
53.00,0.00,-0.3928,-0.4587
54.00,0.00,-0.5283,-0.6050
55.00,0.00,-0.6643,-0.7502
56.00,0.00,-0.8002,-0.8935
57.00,0.00,-0.9353,-1.0339
58.00,0.00,-1.0687,-1.1706
59.00,0.00,-1.1998,-1.3026
60.00,0.00,-1.3278,-1.4290
61.00,0.00,-1.4521,-1.5491
62.00,0.00,-1.5719,-1.6621
63.00,0.00,-1.6867,-1.7673
64.00,0.00,-1.7959,-1.8642
65.00,0.00,-1.8990,-1.9524
66.00,0.00,-1.9955,-2.0314
67.00,0.00,-2.0851,-2.1013
68.00,0.00,-2.1676,-2.1619
69.00,0.00,-2.2429,-2.2133
70.00,0.00,-2.3109,-2.2559
71.00,0.00,-2.3717,-2.2901
72.00,0.00,-2.4254,-2.3162
73.00,0.00,-2.4724,-2.3350
74.00,0.00,-2.5128,-2.3472
75.00,0.00,-2.5472,-2.3534
76.00,0.00,-2.5760,-2.3545
77.00,0.00,-2.5998,-2.3513
78.00,0.00,-2.6189,-2.3445
79.00,0.00,-2.6341,-2.3350
80.00,0.00,-2.6458,-2.3235
81.00,0.00,-2.6545,-2.3108
82.00,0.00,-2.6609,-2.2975
83.00,0.00,-2.6655,-2.2843
84.00,0.00,-2.6685,-2.2717
85.00,0.00,-2.6706,-2.2602
86.00,0.00,-2.6719,-2.2502
87.00,0.00,-2.6730,-2.2421
88.00,0.00,-2.6738,-2.2361
89.00,0.00,-2.6748,-2.2324
90.00,0.00,-2.6758,-2.2312
91.00,0.00,-2.6771,-2.2324
92.00,0.00,-2.6785,-2.2361
93.00,0.00,-2.6800,-2.2421
94.00,0.00,-2.6814,-2.2502
95.00,0.00,-2.6824,-2.2602
96.00,0.00,-2.6829,-2.2717
97.00,0.00,-2.6823,-2.2843
98.00,0.00,-2.6804,-2.2975
99.00,0.00,-2.6767,-2.3108
100.00,0.00,-2.6706,-2.3235
101.00,0.00,-2.6616,-2.3350
102.00,0.00,-2.6492,-2.3445
103.00,0.00,-2.6329,-2.3513
104.00,0.00,-2.6119,-2.3545
105.00,0.00,-2.5858,-2.3534
106.00,0.00,-2.5540,-2.3472
107.00,0.00,-2.5161,-2.3350
108.00,0.00,-2.4715,-2.3162
109.00,0.00,-2.4200,-2.2901
110.00,0.00,-2.3613,-2.2559
111.00,0.00,-2.2950,-2.2133
112.00,0.00,-2.2212,-2.1619
113.00,0.00,-2.1399,-2.1013
114.00,0.00,-2.0511,-2.0314
115.00,0.00,-1.9551,-1.9524
116.00,0.00,-1.8523,-1.8642
117.00,0.00,-1.7429,-1.7673
118.00,0.00,-1.6275,-1.6621
119.00,0.00,-1.5068,-1.5491
120.00,0.00,-1.3812,-1.4290
121.00,0.00,-1.2516,-1.3026
122.00,0.00,-1.1186,-1.1706
123.00,0.00,-0.9830,-1.0339
124.00,0.00,-0.8455,-0.8935
125.00,0.00,-0.7069,-0.7502
126.00,0.00,-0.5679,-0.6050
127.00,0.00,-0.4293,-0.4587
128.00,0.00,-0.2918,-0.3122
129.00,0.00,-0.1561,-0.1664
130.00,0.00,-0.0229,-0.0221
131.00,0.00,0.1073,0.1199
132.00,0.00,0.2338,0.2590
133.00,0.00,0.3560,0.3944
134.00,0.00,0.4734,0.5254
135.00,0.00,0.5854,0.6516
136.00,0.00,0.6917,0.7723
137.00,0.00,0.7917,0.8869
138.00,0.00,0.8849,0.9951
139.00,0.00,0.9710,1.0962
140.00,0.00,1.0496,1.1900
141.00,0.00,1.1202,1.2759
142.00,0.00,1.1825,1.3535
143.00,0.00,1.2361,1.4225
144.00,0.00,1.2807,1.4825
145.00,0.00,1.3158,1.5331
146.00,0.00,1.3411,1.5740
147.00,0.00,1.3562,1.6047
148.00,0.00,1.3607,1.6248
149.00,0.00,1.3544,1.6341
150.00,0.00,1.3366,1.6321
151.00,0.00,1.3072,1.6184
152.00,0.00,1.2655,1.5925
153.00,0.00,1.2111,1.5541
154.00,0.00,1.1436,1.5025
155.00,0.00,1.0625,1.4375
156.00,0.00,0.9671,1.3582
157.00,0.00,0.8570,1.2643
158.00,0.00,0.7315,1.1551
159.00,0.00,0.5899,1.0299
160.00,0.00,0.4315,0.8880
161.00,0.00,0.2556,0.7285
162.00,0.00,0.0614,0.5507
163.00,0.00,-0.1519,0.3537
164.00,0.00,-0.3853,0.1364
165.00,0.00,-0.6397,-0.1023
166.00,0.00,-0.9159,-0.3634
167.00,0.00,-1.2149,-0.6481
168.00,0.00,-1.5376,-0.9577
169.00,0.00,-1.8846,-1.2934
170.00,0.00,-2.2565,-1.6565
171.00,0.00,-2.6532,-2.0480
172.00,0.00,-3.0744,-2.4688
173.00,0.00,-3.5184,-2.9193
174.00,0.00,-3.9822,-3.3990
175.00,0.00,-4.4607,-3.9061
176.00,0.00,-4.9456,-4.4366
177.00,0.00,-5.4247,-4.9832
178.00,0.00,-5.8803,-5.5341
179.00,0.00,-6.2895,-6.0705
180.00,0.00,-6.6241,-6.5657
0.00,90.00,-6.8581,-6.5657
1.00,90.00,-6.8545,-6.5614
2.00,90.00,-6.8428,-6.5483
3.00,90.00,-6.8230,-6.5267
4.00,90.00,-6.7952,-6.4966
5.00,90.00,-6.7597,-6.4582
6.00,90.00,-6.7167,-6.4119
7.00,90.00,-6.6664,-6.3579
8.00,90.00,-6.6091,-6.2967
9.00,90.00,-6.5452,-6.2285
10.00,90.00,-6.4749,-6.1538
11.00,90.00,-6.3988,-6.0730
12.00,90.00,-6.3172,-5.9866
13.00,90.00,-6.2304,-5.8951
14.00,90.00,-6.1390,-5.7988
15.00,90.00,-6.0433,-5.6984
16.00,90.00,-5.9437,-5.5941
17.00,90.00,-5.8407,-5.4866
18.00,90.00,-5.7346,-5.3761
19.00,90.00,-5.6258,-5.2631
20.00,90.00,-5.5147,-5.1480
21.00,90.00,-5.4016,-5.0312
22.00,90.00,-5.2869,-4.9130
23.00,90.00,-5.1708,-4.7938
24.00,90.00,-5.0538,-4.6738
25.00,90.00,-4.9359,-4.5534
26.00,90.00,-4.8176,-4.4328
27.00,90.00,-4.6991,-4.3122
28.00,90.00,-4.5805,-4.1920
29.00,90.00,-4.4621,-4.0722
30.00,90.00,-4.3440,-3.9531
31.00,90.00,-4.2265,-3.8349
32.00,90.00,-4.1097,-3.7176
33.00,90.00,-3.9938,-3.6015
34.00,90.00,-3.8788,-3.4867
35.00,90.00,-3.7649,-3.3733
36.00,90.00,-3.6523,-3.2613
37.00,90.00,-3.5409,-3.1510
38.00,90.00,-3.4309,-3.0423
39.00,90.00,-3.3225,-2.9354
40.00,90.00,-3.2155,-2.8302
41.00,90.00,-3.1102,-2.7269
42.00,90.00,-3.0065,-2.6255
43.00,90.00,-2.9046,-2.5261
44.00,90.00,-2.8044,-2.4287
45.00,90.00,-2.7061,-2.3333
46.00,90.00,-2.6096,-2.2399
47.00,90.00,-2.5150,-2.1486
48.00,90.00,-2.4223,-2.0594
49.00,90.00,-2.3315,-1.9724
50.00,90.00,-2.2427,-1.8874
51.00,90.00,-2.1559,-1.8046
52.00,90.00,-2.0711,-1.7239
53.00,90.00,-1.9884,-1.6454
54.00,90.00,-1.9076,-1.5690
55.00,90.00,-1.8290,-1.4948
56.00,90.00,-1.7524,-1.4228
57.00,90.00,-1.6779,-1.3529
58.00,90.00,-1.6056,-1.2852
59.00,90.00,-1.5353,-1.2196
60.00,90.00,-1.4672,-1.1562
61.00,90.00,-1.4012,-1.0949
62.00,90.00,-1.3374,-1.0358
63.00,90.00,-1.2757,-0.9788
64.00,90.00,-1.2162,-0.9240
65.00,90.00,-1.1589,-0.8713
66.00,90.00,-1.1038,-0.8207
67.00,90.00,-1.0509,-0.7723
68.00,90.00,-1.0002,-0.7259
69.00,90.00,-0.9517,-0.6817
70.00,90.00,-0.9055,-0.6396
71.00,90.00,-0.8615,-0.5995
72.00,90.00,-0.8197,-0.5616
73.00,90.00,-0.7802,-0.5257
74.00,90.00,-0.7430,-0.4920
75.00,90.00,-0.7080,-0.4603
76.00,90.00,-0.6754,-0.4306
77.00,90.00,-0.6450,-0.4031
78.00,90.00,-0.6169,-0.3776
79.00,90.00,-0.5910,-0.3541
80.00,90.00,-0.5675,-0.3327
81.00,90.00,-0.5463,-0.3134
82.00,90.00,-0.5274,-0.2961
83.00,90.00,-0.5107,-0.2808
84.00,90.00,-0.4964,-0.2676
85.00,90.00,-0.4844,-0.2564
86.00,90.00,-0.4747,-0.2473
87.00,90.00,-0.4673,-0.2402
88.00,90.00,-0.4622,-0.2351
89.00,90.00,-0.4594,-0.2321
90.00,90.00,-0.4588,-0.2310
91.00,90.00,-0.4606,-0.2321
92.00,90.00,-0.4647,-0.2351
93.00,90.00,-0.4710,-0.2402
94.00,90.00,-0.4796,-0.2473
95.00,90.00,-0.4904,-0.2564
96.00,90.00,-0.5036,-0.2676
97.00,90.00,-0.5189,-0.2808
98.00,90.00,-0.5365,-0.2961
99.00,90.00,-0.5563,-0.3134
100.00,90.00,-0.5784,-0.3327
101.00,90.00,-0.6026,-0.3541
102.00,90.00,-0.6291,-0.3776
103.00,90.00,-0.6577,-0.4031
104.00,90.00,-0.6886,-0.4306
105.00,90.00,-0.7215,-0.4603
106.00,90.00,-0.7567,-0.4920
107.00,90.00,-0.7940,-0.5257
108.00,90.00,-0.8334,-0.5616
109.00,90.00,-0.8750,-0.5995
110.00,90.00,-0.9186,-0.6396
111.00,90.00,-0.9644,-0.6817
112.00,90.00,-1.0123,-0.7259
113.00,90.00,-1.0623,-0.7723
114.00,90.00,-1.1143,-0.8207
115.00,90.00,-1.1684,-0.8713
116.00,90.00,-1.2246,-0.9240
117.00,90.00,-1.2828,-0.9788
118.00,90.00,-1.3430,-1.0358
119.00,90.00,-1.4053,-1.0949
120.00,90.00,-1.4696,-1.1562
121.00,90.00,-1.5360,-1.2196
122.00,90.00,-1.6043,-1.2852
123.00,90.00,-1.6746,-1.3529
124.00,90.00,-1.7469,-1.4228
125.00,90.00,-1.8212,-1.4948
126.00,90.00,-1.8975,-1.5690
127.00,90.00,-1.9757,-1.6454
128.00,90.00,-2.0558,-1.7239
129.00,90.00,-2.1379,-1.8046
130.00,90.00,-2.2218,-1.8874
131.00,90.00,-2.3077,-1.9724
132.00,90.00,-2.3954,-2.0594
133.00,90.00,-2.4850,-2.1486
134.00,90.00,-2.5764,-2.2399
135.00,90.00,-2.6696,-2.3333
136.00,90.00,-2.7646,-2.4287
137.00,90.00,-2.8613,-2.5261
138.00,90.00,-2.9596,-2.6255
139.00,90.00,-3.0596,-2.7269
140.00,90.00,-3.1612,-2.8302
141.00,90.00,-3.2643,-2.9354
142.00,90.00,-3.3689,-3.0423
143.00,90.00,-3.4748,-3.1510
144.00,90.00,-3.5821,-3.2613
145.00,90.00,-3.6906,-3.3733
146.00,90.00,-3.8002,-3.4867
147.00,90.00,-3.9108,-3.6015
148.00,90.00,-4.0224,-3.7176
149.00,90.00,-4.1346,-3.8349
150.00,90.00,-4.2475,-3.9531
151.00,90.00,-4.3609,-4.0722
152.00,90.00,-4.4746,-4.1920
153.00,90.00,-4.5883,-4.3122
154.00,90.00,-4.7020,-4.4328
155.00,90.00,-4.8153,-4.5534
156.00,90.00,-4.9280,-4.6738
157.00,90.00,-5.0400,-4.7938
158.00,90.00,-5.1508,-4.9130
159.00,90.00,-5.2603,-5.0312
160.00,90.00,-5.3681,-5.1480
161.00,90.00,-5.4739,-5.2631
162.00,90.00,-5.5774,-5.3761
163.00,90.00,-5.6781,-5.4866
164.00,90.00,-5.7758,-5.5941
165.00,90.00,-5.8701,-5.6984
166.00,90.00,-5.9605,-5.7988
167.00,90.00,-6.0467,-5.8951
168.00,90.00,-6.1283,-5.9866
169.00,90.00,-6.2049,-6.0730
170.00,90.00,-6.2761,-6.1538
171.00,90.00,-6.3416,-6.2285
172.00,90.00,-6.4010,-6.2967
173.00,90.00,-6.4539,-6.3579
174.00,90.00,-6.5002,-6.4119
175.00,90.00,-6.5394,-6.4582
176.00,90.00,-6.5714,-6.4966
177.00,90.00,-6.5960,-6.5267
178.00,90.00,-6.6130,-6.5483
179.00,90.00,-6.6224,-6.5614
180.00,90.00,-6.6241,-6.5657
