theta_deg,phi_deg,rcs_dBsm,mlfma_dBsm
0.00,0.00,-8.4889,-8.4890
1.00,0.00,-8.5996,-8.5997
2.00,0.00,-8.7105,-8.7106
3.00,0.00,-8.8215,-8.8216
4.00,0.00,-8.9327,-8.9328
5.00,0.00,-9.0442,-9.0443
6.00,0.00,-9.1561,-9.1562
7.00,0.00,-9.2683,-9.2684
8.00,0.00,-9.3810,-9.3811
9.00,0.00,-9.4941,-9.4943
10.00,0.00,-9.6078,-9.6079
11.00,0.00,-9.7221,-9.7222
12.00,0.00,-9.8370,-9.8371
13.00,0.00,-9.9526,-9.9527
14.00,0.00,-10.0688,-10.0689
15.00,0.00,-10.1858,-10.1860
16.00,0.00,-10.3036,-10.3037
17.00,0.00,-10.4222,-10.4223
18.00,0.00,-10.5416,-10.5417
19.00,0.00,-10.6618,-10.6619
20.00,0.00,-10.7828,-10.7829
21.00,0.00,-10.9046,-10.9047
22.00,0.00,-11.0272,-11.0274
23.00,0.00,-11.1506,-11.1508
24.00,0.00,-11.2748,-11.2749
25.00,0.00,-11.3996,-11.3997
26.00,0.00,-11.5250,-11.5251
27.00,0.00,-11.6510,-11.6511
28.00,0.00,-11.7774,-11.7775
29.00,0.00,-11.9042,-11.9043
30.00,0.00,-12.0312,-12.0313
31.00,0.00,-12.1583,-12.1584
32.00,0.00,-12.2853,-12.2854
33.00,0.00,-12.4121,-12.4122
34.00,0.00,-12.5385,-12.5386
35.00,0.00,-12.6642,-12.6643
36.00,0.00,-12.7891,-12.7892
37.00,0.00,-12.9129,-12.9130
38.00,0.00,-13.0354,-13.0355
39.00,0.00,-13.1562,-13.1563
40.00,0.00,-13.2751,-13.2752
41.00,0.00,-13.3918,-13.3919
42.00,0.00,-13.5060,-13.5061
43.00,0.00,-13.6173,-13.6174
44.00,0.00,-13.7255,-13.7256
45.00,0.00,-13.8302,-13.8303
46.00,0.00,-13.9310,-13.9311
47.00,0.00,-14.0278,-14.0279
48.00,0.00,-14.1202,-14.1202
49.00,0.00,-14.2078,-14.2079
50.00,0.00,-14.2905,-14.2906
51.00,0.00,-14.3680,-14.3681
52.00,0.00,-14.4401,-14.4402
53.00,0.00,-14.5066,-14.5067
54.00,0.00,-14.5674,-14.5675
55.00,0.00,-14.6224,-14.6225
56.00,0.00,-14.6716,-14.6717
57.00,0.00,-14.7150,-14.7150
58.00,0.00,-14.7525,-14.7525
59.00,0.00,-14.7843,-14.7844
60.00,0.00,-14.8106,-14.8106
61.00,0.00,-14.8315,-14.8315
62.00,0.00,-14.8472,-14.8472
63.00,0.00,-14.8580,-14.8580
64.00,0.00,-14.8642,-14.8642
65.00,0.00,-14.8661,-14.8661
66.00,0.00,-14.8640,-14.8640
67.00,0.00,-14.8583,-14.8583
68.00,0.00,-14.8494,-14.8494
69.00,0.00,-14.8376,-14.8377
70.00,0.00,-14.8234,-14.8235
71.00,0.00,-14.8071,-14.8072
72.00,0.00,-14.7891,-14.7892
73.00,0.00,-14.7698,-14.7699
74.00,0.00,-14.7496,-14.7496
75.00,0.00,-14.7287,-14.7287
76.00,0.00,-14.7076,-14.7076
77.00,0.00,-14.6865,-14.6865
78.00,0.00,-14.6658,-14.6658
79.00,0.00,-14.6457,-14.6457
80.00,0.00,-14.6264,-14.6264
81.00,0.00,-14.6083,-14.6084
82.00,0.00,-14.5916,-14.5916
83.00,0.00,-14.5764,-14.5764
84.00,0.00,-14.5628,-14.5628
85.00,0.00,-14.5511,-14.5512
86.00,0.00,-14.5414,-14.5414
87.00,0.00,-14.5338,-14.5338
88.00,0.00,-14.5283,-14.5283
89.00,0.00,-14.5250,-14.5250
90.00,0.00,-14.5239,-14.5239
91.00,0.00,-14.5251,-14.5251
92.00,0.00,-14.5286,-14.5286
93.00,0.00,-14.5342,-14.5342
94.00,0.00,-14.5420,-14.5420
95.00,0.00,-14.5518,-14.5518
96.00,0.00,-14.5636,-14.5636
97.00,0.00,-14.5773,-14.5773
98.00,0.00,-14.5926,-14.5927
99.00,0.00,-14.6095,-14.6095
100.00,0.00,-14.6277,-14.6277
101.00,0.00,-14.6470,-14.6471
102.00,0.00,-14.6673,-14.6673
103.00,0.00,-14.6881,-14.6881
104.00,0.00,-14.7093,-14.7093
105.00,0.00,-14.7305,-14.7305
106.00,0.00,-14.7514,-14.7515
107.00,0.00,-14.7718,-14.7718
108.00,0.00,-14.7911,-14.7912
109.00,0.00,-14.8092,-14.8092
110.00,0.00,-14.8255,-14.8255
111.00,0.00,-14.8398,-14.8398
112.00,0.00,-14.8515,-14.8516
113.00,0.00,-14.8605,-14.8605
114.00,0.00,-14.8661,-14.8662
115.00,0.00,-14.8682,-14.8683
116.00,0.00,-14.8663,-14.8664
117.00,0.00,-14.8601,-14.8602
118.00,0.00,-14.8493,-14.8493
119.00,0.00,-14.8335,-14.8336
120.00,0.00,-14.8126,-14.8126
121.00,0.00,-14.7862,-14.7863
122.00,0.00,-14.7543,-14.7544
123.00,0.00,-14.7167,-14.7168
124.00,0.00,-14.6733,-14.6734
125.00,0.00,-14.6241,-14.6241
126.00,0.00,-14.5690,-14.5691
127.00,0.00,-14.5081,-14.5082
128.00,0.00,-14.4415,-14.4416
129.00,0.00,-14.3693,-14.3694
130.00,0.00,-14.2917,-14.2918
131.00,0.00,-14.2089,-14.2090
132.00,0.00,-14.1212,-14.1213
133.00,0.00,-14.0288,-14.0289
134.00,0.00,-13.9319,-13.9320
135.00,0.00,-13.8310,-13.8311
136.00,0.00,-13.7262,-13.7263
137.00,0.00,-13.6180,-13.6181
138.00,0.00,-13.5066,-13.5067
139.00,0.00,-13.3924,-13.3925
140.00,0.00,-13.2756,-13.2758
141.00,0.00,-13.1567,-13.1568
142.00,0.00,-13.0358,-13.0360
143.00,0.00,-12.9134,-12.9135
144.00,0.00,-12.7895,-12.7897
145.00,0.00,-12.6646,-12.6648
146.00,0.00,-12.5389,-12.5390
147.00,0.00,-12.4125,-12.4126
148.00,0.00,-12.2857,-12.2858
149.00,0.00,-12.1586,-12.1588
150.00,0.00,-12.0315,-12.0317
151.00,0.00,-11.9045,-11.9047
152.00,0.00,-11.7778,-11.7779
153.00,0.00,-11.6514,-11.6515
154.00,0.00,-11.5254,-11.5255
155.00,0.00,-11.4000,-11.4001
156.00,0.00,-11.2752,-11.2753
157.00,0.00,-11.1511,-11.1512
158.00,0.00,-11.0277,-11.0278
159.00,0.00,-10.9051,-10.9052
160.00,0.00,-10.7833,-10.7834
161.00,0.00,-10.6623,-10.6624
162.00,0.00,-10.5421,-10.5422
163.00,0.00,-10.4227,-10.4229
164.00,0.00,-10.3042,-10.3043
165.00,0.00,-10.1864,-10.1866
166.00,0.00,-10.0694,-10.0696
167.00,0.00,-9.9532,-9.9533
168.00,0.00,-9.8376,-9.8378
169.00,0.00,-9.7228,-9.7229
170.00,0.00,-9.6085,-9.6086
171.00,0.00,-9.4948,-9.4950
172.00,0.00,-9.3817,-9.3818
173.00,0.00,-9.2690,-9.2692
174.00,0.00,-9.1568,-9.1570
175.00,0.00,-9.0450,-9.0451
176.00,0.00,-8.9335,-8.9336
177.00,0.00,-8.8223,-8.8224
178.00,0.00,-8.7113,-8.7114
179.00,0.00,-8.6004,-8.6006
180.00,0.00,-8.4898,-8.4899
0.00,90.00,-8.4889,-8.4890
1.00,90.00,-8.4892,-8.4893
2.00,90.00,-8.4901,-8.4902
3.00,90.00,-8.4916,-8.4917
4.00,90.00,-8.4938,-8.4939
5.00,90.00,-8.4966,-8.4967
6.00,90.00,-8.5000,-8.5001
7.00,90.00,-8.5040,-8.5041
8.00,90.00,-8.5087,-8.5088
9.00,90.00,-8.5140,-8.5141
10.00,90.00,-8.5199,-8.5200
11.00,90.00,-8.5264,-8.5265
12.00,90.00,-8.5336,-8.5337
13.00,90.00,-8.5414,-8.5415
14.00,90.00,-8.5497,-8.5499
15.00,90.00,-8.5588,-8.5589
16.00,90.00,-8.5684,-8.5685
17.00,90.00,-8.5786,-8.5787
18.00,90.00,-8.5895,-8.5896
19.00,90.00,-8.6009,-8.6010
20.00,90.00,-8.6130,-8.6131
21.00,90.00,-8.6257,-8.6258
22.00,90.00,-8.6389,-8.6390
23.00,90.00,-8.6528,-8.6529
24.00,90.00,-8.6672,-8.6673
25.00,90.00,-8.6823,-8.6824
26.00,90.00,-8.6979,-8.6980
27.00,90.00,-8.7141,-8.7142
28.00,90.00,-8.7309,-8.7310
29.00,90.00,-8.7482,-8.7483
30.00,90.00,-8.7661,-8.7662
31.00,90.00,-8.7846,-8.7847
32.00,90.00,-8.8036,-8.8037
33.00,90.00,-8.8231,-8.8232
34.00,90.00,-8.8431,-8.8432
35.00,90.00,-8.8637,-8.8638
36.00,90.00,-8.8847,-8.8848
37.00,90.00,-8.9063,-8.9064
38.00,90.00,-8.9283,-8.9284
39.00,90.00,-8.9508,-8.9509
40.00,90.00,-8.9737,-8.9738
41.00,90.00,-8.9970,-8.9971
42.00,90.00,-9.0208,-9.0209
43.00,90.00,-9.0449,-9.0450
44.00,90.00,-9.0694,-9.0695
45.00,90.00,-9.0943,-9.0943
46.00,90.00,-9.1194,-9.1195
47.00,90.00,-9.1449,-9.1450
48.00,90.00,-9.1706,-9.1707
49.00,90.00,-9.1966,-9.1966
50.00,90.00,-9.2227,-9.2228
51.00,90.00,-9.2491,-9.2491
52.00,90.00,-9.2756,-9.2756
53.00,90.00,-9.3022,-9.3022
54.00,90.00,-9.3288,-9.3289
55.00,90.00,-9.3555,-9.3556
56.00,90.00,-9.3823,-9.3823
57.00,90.00,-9.4089,-9.4090
58.00,90.00,-9.4355,-9.4356
59.00,90.00,-9.4619,-9.4620
60.00,90.00,-9.4882,-9.4883
61.00,90.00,-9.5143,-9.5143
62.00,90.00,-9.5401,-9.5401
63.00,90.00,-9.5656,-9.5656
64.00,90.00,-9.5907,-9.5907
65.00,90.00,-9.6154,-9.6155
66.00,90.00,-9.6397,-9.6397
67.00,90.00,-9.6634,-9.6635
68.00,90.00,-9.6866,-9.6867
69.00,90.00,-9.7092,-9.7093
70.00,90.00,-9.7312,-9.7312
71.00,90.00,-9.7524,-9.7525
72.00,90.00,-9.7729,-9.7730
73.00,90.00,-9.7926,-9.7927
74.00,90.00,-9.8115,-9.8115
75.00,90.00,-9.8294,-9.8295
76.00,90.00,-9.8464,-9.8465
77.00,90.00,-9.8625,-9.8625
78.00,90.00,-9.8775,-9.8776
79.00,90.00,-9.8915,-9.8915
80.00,90.00,-9.9043,-9.9044
81.00,90.00,-9.9161,-9.9161
82.00,90.00,-9.9267,-9.9267
83.00,90.00,-9.9361,-9.9362
84.00,90.00,-9.9443,-9.9444
85.00,90.00,-9.9513,-9.9513
86.00,90.00,-9.9570,-9.9570
87.00,90.00,-9.9614,-9.9615
88.00,90.00,-9.9646,-9.9646
89.00,90.00,-9.9665,-9.9665
90.00,90.00,-9.9670,-9.9671
91.00,90.00,-9.9663,-9.9664
92.00,90.00,-9.9643,-9.9644
93.00,90.00,-9.9610,-9.9611
94.00,90.00,-9.9565,-9.9565
95.00,90.00,-9.9506,-9.9507
96.00,90.00,-9.9435,-9.9436
97.00,90.00,-9.9352,-9.9353
98.00,90.00,-9.9257,-9.9257
99.00,90.00,-9.9150,-9.9150
100.00,90.00,-9.9031,-9.9032
101.00,90.00,-9.8901,-9.8902
102.00,90.00,-9.8760,-9.8761
103.00,90.00,-9.8609,-9.8610
104.00,90.00,-9.8448,-9.8448
105.00,90.00,-9.8277,-9.8277
106.00,90.00,-9.8096,-9.8097
107.00,90.00,-9.7907,-9.7908
108.00,90.00,-9.7709,-9.7710
109.00,90.00,-9.7504,-9.7505
110.00,90.00,-9.7291,-9.7292
111.00,90.00,-9.7071,-9.7072
112.00,90.00,-9.6844,-9.6845
113.00,90.00,-9.6612,-9.6613
114.00,90.00,-9.6374,-9.6375
115.00,90.00,-9.6131,-9.6132
116.00,90.00,-9.5884,-9.5885
117.00,90.00,-9.5632,-9.5633
118.00,90.00,-9.5377,-9.5378
119.00,90.00,-9.5119,-9.5120
120.00,90.00,-9.4859,-9.4860
121.00,90.00,-9.4596,-9.4597
122.00,90.00,-9.4332,-9.4333
123.00,90.00,-9.4066,-9.4067
124.00,90.00,-9.3800,-9.3801
125.00,90.00,-9.3533,-9.3534
126.00,90.00,-9.3266,-9.3267
127.00,90.00,-9.3000,-9.3001
128.00,90.00,-9.2734,-9.2735
129.00,90.00,-9.2470,-9.2471
130.00,90.00,-9.2207,-9.2208
131.00,90.00,-9.1946,-9.1947
132.00,90.00,-9.1687,-9.1688
133.00,90.00,-9.1430,-9.1431
134.00,90.00,-9.1176,-9.1177
135.00,90.00,-9.0926,-9.0926
136.00,90.00,-9.0678,-9.0679
137.00,90.00,-9.0433,-9.0434
138.00,90.00,-9.0193,-9.0194
139.00,90.00,-8.9956,-8.9957
140.00,90.00,-8.9723,-8.9724
141.00,90.00,-8.9495,-8.9496
142.00,90.00,-8.9271,-8.9272
143.00,90.00,-8.9052,-8.9053
144.00,90.00,-8.8837,-8.8838
145.00,90.00,-8.8627,-8.8628
146.00,90.00,-8.8422,-8.8423
147.00,90.00,-8.8223,-8.8224
148.00,90.00,-8.8028,-8.8029
149.00,90.00,-8.7839,-8.7840
150.00,90.00,-8.7655,-8.7656
151.00,90.00,-8.7477,-8.7478
152.00,90.00,-8.7304,-8.7305
153.00,90.00,-8.7137,-8.7138
154.00,90.00,-8.6976,-8.6977
155.00,90.00,-8.6820,-8.6821
156.00,90.00,-8.6670,-8.6672
157.00,90.00,-8.6526,-8.6528
158.00,90.00,-8.6388,-8.6390
159.00,90.00,-8.6256,-8.6258
160.00,90.00,-8.6130,-8.6131
161.00,90.00,-8.6010,-8.6011
162.00,90.00,-8.5896,-8.5897
163.00,90.00,-8.5788,-8.5789
164.00,90.00,-8.5686,-8.5687
165.00,90.00,-8.5590,-8.5592
166.00,90.00,-8.5501,-8.5502
167.00,90.00,-8.5417,-8.5418
168.00,90.00,-8.5340,-8.5341
169.00,90.00,-8.5269,-8.5270
170.00,90.00,-8.5204,-8.5205
171.00,90.00,-8.5145,-8.5146
172.00,90.00,-8.5093,-8.5094
173.00,90.00,-8.5046,-8.5048
174.00,90.00,-8.5006,-8.5008
175.00,90.00,-8.4973,-8.4974
176.00,90.00,-8.4945,-8.4946
177.00,90.00,-8.4924,-8.4925
178.00,90.00,-8.4909,-8.4910
179.00,90.00,-8.4900,-8.4901
180.00,90.00,-8.4898,-8.4899
